{"cameraMode":{"drawMode":0,"name":"Shaded","section":"Shading Mode"},"sceneLighting":false,"audioPlay":false,"sceneViewState":{"showFog":true,"showMaterialUpdate":false,"showSkybox":false,"showFlares":true,"showImageEffects":true,"showParticleSystems":true},"in2DMode":false,"pivot":{"x":0.37816524505615237,"y":-0.5035722255706787,"z":11.374221801757813},"rotation":{"x":-0.6502700448036194,"y":-0.0097938422113657,"z":0.008400285616517067,"w":-0.7596121430397034},"size":14.549140930175782,"orthographic":false}