{"cameraMode":{"drawMode":0,"name":"Shaded","section":"Shading Mode"},"sceneLighting":false,"audioPlay":false,"sceneViewState":{"showFog":true,"showMaterialUpdate":false,"showSkybox":false,"showFlares":true,"showImageEffects":true,"showParticleSystems":true},"in2DMode":false,"pivot":{"x":-1.7018346786499024,"y":-0.5035722255706787,"z":11.327959060668946},"rotation":{"x":-0.5293323397636414,"y":-0.021121619269251825,"z":0.01319140288978815,"w":-0.8480644226074219},"size":13.630475044250489,"orthographic":false}