{"cameraMode":{"drawMode":0,"name":"Shaded","section":"Shading Mode"},"sceneLighting":false,"audioPlay":false,"sceneViewState":{"showFog":true,"showMaterialUpdate":false,"showSkybox":false,"showFlares":true,"showImageEffects":true,"showParticleSystems":true},"in2DMode":false,"pivot":{"x":-3.661834239959717,"y":-0.5195962190628052,"z":22.802732467651368},"rotation":{"x":-0.5093100666999817,"y":0.49040767550468447,"z":-0.5120648741722107,"w":-0.4877687692642212},"size":30.02884292602539,"orthographic":false}