{"cameraMode":{"drawMode":0,"name":"Shaded","section":"Shading Mode"},"sceneLighting":false,"audioPlay":false,"sceneViewState":{"showFog":true,"showMaterialUpdate":false,"showSkybox":false,"showFlares":true,"showImageEffects":true,"showParticleSystems":true},"in2DMode":false,"pivot":{"x":1.3737705945968629,"y":-1.9923514127731324,"z":-1.2092857360839844},"rotation":{"x":-0.05517828091979027,"y":0.8752425312995911,"z":-0.46944451332092287,"w":-0.10288911312818527},"size":5.6975812911987309,"orthographic":false}