{"cameraMode":{"drawMode":0,"name":"Shaded","section":"Shading Mode"},"sceneLighting":false,"audioPlay":false,"sceneViewState":{"showFog":true,"showMaterialUpdate":false,"showSkybox":false,"showFlares":true,"showImageEffects":true,"showParticleSystems":true},"in2DMode":false,"pivot":{"x":2.945730686187744,"y":1.0040591955184937,"z":1.9087389707565308},"rotation":{"x":-0.5934258699417114,"y":-0.08005627989768982,"z":0.05948999896645546,"w":-0.7987020611763},"size":4.136384963989258,"orthographic":false}