{"cameraMode":{"drawMode":0,"name":"Shaded","section":"Shading Mode"},"sceneLighting":false,"audioPlay":false,"sceneViewState":{"showFog":true,"showMaterialUpdate":false,"showSkybox":false,"showFlares":true,"showImageEffects":true,"showParticleSystems":true},"in2DMode":false,"pivot":{"x":0.0,"y":-0.9999993443489075,"z":187.00790405273438},"rotation":{"x":-0.6502700448036194,"y":-0.0097938422113657,"z":0.008400285616517067,"w":-0.7596121430397034},"size":264.46905517578127,"orthographic":false}